{"cameraMode":{"drawMode":0,"name":"Shaded","section":"Shading Mode"},"sceneLighting":true,"audioPlay":false,"sceneViewState":{"m_AlwaysRefresh":false,"showFog":true,"showSkybox":true,"showFlares":true,"showImageEffects":true,"showParticleSystems":true,"showVisualEffectGraphs":true,"m_FxEnabled":true},"in2DMode":false,"pivot":{"x":511.72991943359377,"y":248.07000732421876,"z":212.0789794921875},"rotation":{"x":0.006827478297054768,"y":-0.151210755109787,"z":0.0010498948395252228,"w":0.9884796142578125},"size":299.1256103515625,"orthographic":true}