{"cameraMode":{"drawMode":0,"name":"Shaded","section":"Shading Mode"},"sceneLighting":true,"audioPlay":false,"sceneViewState":{"showFog":true,"showMaterialUpdate":false,"showSkybox":true,"showFlares":true,"showImageEffects":true,"showParticleSystems":true},"in2DMode":false,"pivot":{"x":-72.83382415771485,"y":-12.222220420837403,"z":65.96551513671875},"rotation":{"x":-0.14317673444747926,"y":0.06674975156784058,"z":0.009683771058917046,"w":0.9874023795127869},"size":37.89933395385742,"orthographic":false}