{"cameraMode":{"drawMode":0,"name":"Shaded","section":"Shading Mode"},"sceneLighting":true,"audioPlay":false,"sceneViewState":{"showFog":true,"showMaterialUpdate":false,"showSkybox":true,"showFlares":true,"showImageEffects":true,"showParticleSystems":true},"in2DMode":false,"pivot":{"x":115.24114990234375,"y":1.7577823400497437,"z":92.27342987060547},"rotation":{"x":0.2809556722640991,"y":-0.2344728410243988,"z":0.07099229842424393,"w":0.9279380440711975},"size":56.95092010498047,"orthographic":false}