{"cameraMode":{"drawMode":0,"name":"Shaded","section":"Shading Mode"},"sceneLighting":false,"audioPlay":false,"sceneViewState":{"showFog":true,"showMaterialUpdate":false,"showSkybox":false,"showFlares":true,"showImageEffects":true,"showParticleSystems":true},"in2DMode":false,"pivot":{"x":0.008131027221679688,"y":4.633082866668701,"z":1.642354965209961},"rotation":{"x":-0.0014997501857578755,"y":0.017998987808823587,"z":0.00002699845026654657,"w":0.9998370409011841},"size":12.215113639831543,"orthographic":false}