{"cameraMode":{"drawMode":0,"name":"Shaded","section":"Shading Mode"},"sceneLighting":true,"audioPlay":false,"sceneViewState":{"showFog":true,"showMaterialUpdate":false,"showSkybox":true,"showFlares":true,"showImageEffects":true,"showParticleSystems":true},"in2DMode":false,"pivot":{"x":139.10546875,"y":6.086953639984131,"z":77.48937225341797},"rotation":{"x":0.06272345036268234,"y":-0.4539877772331238,"z":0.0320601649582386,"w":0.8882284164428711},"size":0.8660253882408142,"orthographic":false}