{"cameraMode":{"drawMode":0,"name":"Shaded","section":"Shading Mode"},"sceneLighting":false,"audioPlay":false,"sceneViewState":{"showFog":true,"showMaterialUpdate":false,"showSkybox":false,"showFlares":true,"showImageEffects":true,"showParticleSystems":true},"in2DMode":false,"pivot":{"x":238.2320556640625,"y":5.271937370300293,"z":14.575307846069336},"rotation":{"x":0.18502192199230195,"y":-0.26743027567863467,"z":0.05239659920334816,"w":0.9442123770713806},"size":16.50016975402832,"orthographic":false}